<?xml version="1.0" encoding="UTF-8"?>
<!DOCTYPE log4j:configuration SYSTEM "log4j.dtd">

<!-- ===================================================================== -->
<!--                                                                       -->
<!--  Log4j Configuration                                                  -->
<!--                                                                       -->
<!-- ===================================================================== -->

<!-- $Id: //open/mondrian/log4j.xml#3 $ -->

<!--
  | For more configuration infromation and examples see the Jakarta Log4j
  | owebsite: http://jakarta.apache.org/log4j
-->

<log4j:configuration xmlns:log4j="http://jakarta.apache.org/log4j/" debug="false">

  <!-- ================================= -->
  <!-- Preserve messages in a local file -->
  <!-- ================================= -->
  

  <!-- A size based file rolling appender, capturing everything  -->

  <appender name="FILE" class="org.apache.log4j.RollingFileAppender">
    <param name="File" value="aggdesigner.log" />
    <param name="Append" value="false" />
    <param name="MaxFileSize" value="500KB" />
    <param name="MaxBackupIndex" value="1" />

    <layout class="org.apache.log4j.PatternLayout">
      <param name="ConversionPattern" value="%d %-5p [%c] %m%n" />
    </layout>
  </appender>

  <!-- ============================== -->
  <!-- Append messages to the console -->
  <!-- ============================== -->

  <appender name="CONSOLE" class="org.apache.log4j.ConsoleAppender">
    <param name="Target" value="System.out" />

    <layout class="org.apache.log4j.PatternLayout">
      <!-- The default pattern: Date Priority [Category] Message\n -->
      <param name="ConversionPattern" value="%d{ABSOLUTE} %-5p [%c{1}] %m%n" />
    </layout>
  </appender>

  <category name="org.pentaho.ui.xul">
    <priority value="WARN" />
  </category>
  <category name="org.pentaho.ui.xul.binding">
    <priority value="WARN" />
  </category>

  <category name="org.pentaho.aggdes">
    <priority value="INFO" />
  </category>

  <root>
    <priority value="INFO" /><!--  sets default log level to INFO.  Override your package if you want it to spit out DEBUG -->
    <appender-ref ref="CONSOLE" />
    <appender-ref ref="FILE" />
  </root>

</log4j:configuration>